{"BackBlock":{"Frame0":[384.0,383.0,447.0,320.0],"Frame1":[448.0,383.0,511.0,320.0],"Frame2":[512.0,383.0,575.0,320.0],"Frame3":[576.0,383.0,639.0,320.0],"NumFrames":4,"Repeating":false,"SecsPerFrame":0.20000000298023224},"BackDamage":{"Frame0":[512.0,511.0,575.0,448.0],"Frame1":[576.0,511.0,639.0,448.0],"Frame2":[0.0,575.0,63.0,512.0],"Frame3":[64.0,575.0,127.0,512.0],"Frame4":[128.0,575.0,191.0,512.0],"Frame5":[192.0,575.0,255.0,512.0],"Frame6":[256.0,575.0,319.0,512.0],"NumFrames":7,"Repeating":false,"SecsPerFrame":0.10000000149011612},"BackIdle":{"Frame0":[0.0,319.0,63.0,256.0],"Frame1":[64.0,319.0,127.0,256.0],"Frame2":[128.0,319.0,191.0,256.0],"Frame3":[192.0,319.0,255.0,256.0],"NumFrames":4,"Repeating":true,"SecsPerFrame":0.20000000298023224},"BackShooter":{"Frame0":[384.0,127.0,447.0,64.0],"Frame1":[448.0,127.0,511.0,64.0],"Frame2":[512.0,127.0,575.0,64.0],"Frame3":[576.0,127.0,639.0,64.0],"Frame4":[0.0,191.0,63.0,128.0],"Frame5":[64.0,191.0,127.0,128.0],"Frame6":[128.0,191.0,191.0,128.0],"Frame7":[192.0,191.0,255.0,128.0],"NumFrames":8,"Repeating":false,"SecsPerFrame":0.075},"FrontBlock":{"Frame0":[512.0,319.0,575.0,256.0],"Frame1":[576.0,319.0,639.0,256.0],"Frame2":[0.0,383.0,63.0,320.0],"Frame3":[64.0,383.0,127.0,320.0],"NumFrames":4,"Repeating":false,"SecsPerFrame":0.20000000298023224},"FrontDamage":{"Frame0":[256.0,447.0,319.0,384.0],"Frame1":[320.0,447.0,383.0,384.0],"Frame2":[384.0,447.0,447.0,384.0],"Frame3":[448.0,447.0,511.0,384.0],"Frame4":[512.0,447.0,575.0,384.0],"Frame5":[576.0,447.0,639.0,384.0],"Frame6":[511.0,63.0,448.0,448.0],"NumFrames":7,"Repeating":false,"SecsPerFrame":0.10000000149011612},"FrontIdle":{"Frame0":[128.0,255.0,191.0,192.0],"Frame1":[192.0,255.0,255.0,192.0],"Frame2":[256.0,255.0,319.0,192.0],"Frame3":[320.0,255.0,383.0,192.0],"NumFrames":4,"Repeating":true,"SecsPerFrame":0.20000000298023224},"FrontShooter":{"Frame0":[0.0,63.0,63.0,0.0],"Frame1":[64.0,63.0,127.0,0.0],"Frame2":[128.0,63.0,191.0,0.0],"Frame3":[192.0,63.0,255.0,0.0],"Frame4":[256.0,63.0,319.0,0.0],"Frame5":[320.0,63.0,383.0,0.0],"Frame6":[384.0,63.0,447.0,0.0],"Frame7":[448.0,63.0,511.0,0.0],"NumFrames":8,"Repeating":false,"SecsPerFrame":0.075},"LeftBlock":{"Frame0":[128.0,383.0,191.0,320.0],"Frame1":[192.0,383.0,255.0,320.0],"Frame2":[256.0,383.0,319.0,320.0],"Frame3":[320.0,383.0,383.0,320.0],"NumFrames":4,"Repeating":false,"SecsPerFrame":0.10000000149011612},"LeftDamage":{"Frame0":[64.0,511.0,127.0,448.0],"Frame1":[128.0,511.0,191.0,448.0],"Frame2":[192.0,511.0,255.0,448.0],"Frame3":[256.0,511.0,319.0,448.0],"Frame4":[320.0,511.0,383.0,448.0],"Frame5":[384.0,511.0,447.0,448.0],"Frame6":[448.0,511.0,511.0,448.0],"Frame7":[0.0,0.0,0.0,0.0],"NumFrames":8,"Repeating":false,"SecsPerFrame":0.10000000149011612},"LeftIdle":{"Frame0":[384.0,255.0,447.0,192.0],"Frame1":[448.0,255.0,511.0,192.0],"Frame2":[512.0,255.0,575.0,192.0],"Frame3":[576.0,255.0,639.0,192.0],"NumFrames":4,"Repeating":true,"SecsPerFrame":0.20000000298023224},"LeftShooter":{"Frame0":[512.0,63.0,575.0,0.0],"Frame1":[576.0,63.0,639.0,0.0],"Frame2":[0.0,127.0,63.0,64.0],"Frame3":[64.0,127.0,127.0,64.0],"Frame4":[128.0,127.0,191.0,64.0],"Frame5":[192.0,127.0,255.0,64.0],"Frame6":[256.0,127.0,319.0,64.0],"Frame7":[320.0,127.0,383.0,64.0],"NumFrames":8,"Repeating":false,"SecsPerFrame":0.075},"RightBlock":{"Frame0":[0.0,447.0,63.0,384.0],"Frame1":[64.0,447.0,127.0,384.0],"Frame2":[128.0,447.0,191.0,384.0],"Frame3":[192.0,447.0,255.0,384.0],"NumFrames":4,"Repeating":false,"SecsPerFrame":0.20000000298023224},"RightDamage":{"Frame0":[320.0,575.0,383.0,512.0],"Frame1":[384.0,575.0,447.0,512.0],"Frame2":[448.0,575.0,511.0,512.0],"Frame3":[512.0,575.0,575.0,512.0],"Frame4":[576.0,575.0,639.0,512.0],"Frame5":[0.0,639.0,63.0,576.0],"Frame6":[64.0,639.0,127.0,576.0],"NumFrames":7,"Repeating":false,"SecsPerFrame":0.10000000149011612},"RightIdle":{"Frame0":[256.0,319.0,319.0,256.0],"Frame1":[320.0,319.0,383.0,256.0],"Frame2":[384.0,319.0,447.0,256.0],"Frame3":[448.0,319.0,511.0,256.0],"NumFrames":4,"Repeating":true,"SecsPerFrame":0.20000000298023224},"RightShooter":{"Frame0":[256.0,191.0,319.0,128.0],"Frame1":[320.0,191.0,383.0,128.0],"Frame2":[384.0,191.0,447.0,128.0],"Frame3":[448.0,191.0,511.0,128.0],"Frame4":[512.0,191.0,575.0,128.0],"Frame5":[576.0,191.0,639.0,128.0],"Frame6":[0.0,255.0,63.0,192.0],"Frame7":[64.0,255.0,127.0,192.0],"NumFrames":8,"Repeating":false,"SecsPerFrame":0.075}}