{
  "BackBlock": {
    "Frame0" : [0.0, 512.0, 64.0, 448.0] ,
    "Frame1" : [64.0, 512.0, 128.0, 448.0] ,
    "Frame2" : [128.0, 512.0, 192.0, 448.0] ,
    "Frame3" : [192.0, 512.0, 256.0, 448.0] ,
    "NumFrames": 4,
    "Repeating": false,
    "SecsPerFrame": 0.10000000298023224
  },
  "BackDamage": {
    "Frame0": [512.0, 512.0, 576.0, 448.0] ,
    "Frame1": [576.0, 512.0, 640.0, 448.0] ,
    "Frame2": [512.0, 576.0, 576.0, 512.0] ,
    "Frame3": [576.0, 576.0, 640.0, 512.0] ,
    "Frame4": [0.0, 640.0, 64.0, 576.0] ,
    "Frame5": [64.0, 640.0, 128.0, 576.0] ,
    "Frame6": [256.0, 576.0, 320.0, 512.0] ,
    "NumFrames": 7,
    "Repeating": false,
    "SecsPerFrame": 0.20000000298023224
  },
  "BackIdle": {
    "Frame0": [ 0.0, 320.0, 64.0, 256.0 ],
    "Frame1": [ 64.0, 320.0, 128.0, 256.0 ],
    "Frame2": [ 128.0, 320.0, 192.0, 256.0 ],
    "Frame3": [ 192.0, 320.0, 256.0, 256.0 ],
    "NumFrames": 4,
    "Repeating": true,
    "SecsPerFrame": 0.20000000298023224
  },
  "BackShooter": {
    "Frame0": [384.0, 128.0, 448.0, 64.0] ,
    "Frame1" : [448.0, 128.0, 512.0, 64.0] ,
    "Frame2" : [512.0, 128.0, 576.0, 64.0] ,
    "Frame3" : [576.0, 128.0, 640.0, 64.0] ,
    "Frame4" : [0.0, 192.0, 64.0, 128.0] ,
    "Frame5" : [64.0, 192.0, 128.0, 128.0] ,
    "Frame6" : [128.0, 192.0, 192.0, 128.0] ,
    "Frame7" : [192.0, 192.0, 256.0, 128.0] ,
    "NumFrames" : 8,
    "Repeating" : false,
    "SecsPerFrame" : 0.12500000298023224
  },
  "FrontBlock": {
    "Frame0": [512.0, 320.0, 576.0, 256.0] ,
    "Frame1" : [576.0, 320.0, 640.0, 256.0] ,
    "Frame2" : [0.0, 384.0, 64.0, 320.0] ,
    "Frame3" : [64.0, 384.0, 128.0, 320.0] ,
    "NumFrames": 4,
    "Repeating": false,
    "SecsPerFrame": 0.10000000298023224
  },
  "FrontDamage": {
    "Frame0": [256.0, 448.0, 320.0, 384.0] ,
    "Frame1": [320.0, 448.0, 384.0, 384.0] ,
    "Frame2": [384.0, 448.0, 448.0, 384.0] ,
    "Frame3": [448.0, 448.0, 512.0, 384.0] ,
    "Frame4": [512.0, 448.0, 576.0, 384.0] ,
    "Frame5": [320.0, 384.0, 384.0, 320.0] ,
    "Frame6": [384.0, 384.0, 448.0, 320.0] ,
    "NumFrames": 7,
    "Repeating": false,
    "SecsPerFrame": 0.20000000298023224
  },
  "FrontIdle": {
    "Frame0": [ 128.0, 256.0, 192.0, 192.0 ],
    "Frame1": [ 192.0, 256.0, 256.0, 192.0 ],
    "Frame2": [ 256.0, 256.0, 320.0, 192.0 ],
    "Frame3": [ 320.0, 256.0, 384.0, 192.0 ],
    "NumFrames": 4,
    "Repeating": true,
    "SecsPerFrame": 0.20000000298023224
  },
  "FrontShooter":  {
    "Frame0": [0.0, 64.0, 64.0, 0.0] ,
    "Frame1" : [64.0, 64.0, 128.0, 0.0] ,
    "Frame2" : [128.0, 64.0, 192.0, 0.0] ,
    "Frame3" : [192.0, 64.0, 256.0, 0.0] ,
    "Frame4" : [256.0, 64.0, 320.0, 0.0] ,
    "Frame5" : [320.0, 64.0, 384.0, 0.0] ,
    "Frame6" : [384.0, 64.0, 448.0, 0.0] ,
    "Frame7" : [448.0, 64.0, 512.0, 0.0] ,
    "NumFrames" : 8,
    "Repeating" : false,
    "SecsPerFrame" : 0.12500000298023224
  },
  "LeftBlock": {
    "Frame0" : [256.0, 512.0, 320.0, 448.0] ,
    "Frame1" : [320.0, 512.0, 384.0, 448.0] ,
    "Frame2": [128.0, 448.0, 192.0, 384.0] ,
    "Frame3" : [192.0, 448.0, 256.0, 384.0] ,
    "NumFrames": 4,
    "Repeating": false,
    "SecsPerFrame": 0.10000000298023224
  },
  "LeftDamage": {
    "Frame0": [320.0, 576.0, 384.0, 512.0] ,
    "Frame1": [384.0, 576.0, 448.0, 512.0] ,
    "Frame2": [448.0, 576.0, 512.0, 512.0] ,
    "Frame3": [0.0, 576.0, 64.0, 512.0] ,
    "Frame4": [64.0, 576.0, 128.0, 512.0] ,
    "Frame5": [128.0, 576.0, 192.0, 512.0] ,
    "Frame6": [192.0, 576.0, 256.0, 512.0] ,
    "NumFrames": 7,
    "Repeating": false,
    "SecsPerFrame": 0.20000000298023224
  },
  "LeftIdle": {
    "Frame0": [ 384.0, 256.0, 448.0, 192.0 ],
    "Frame1": [ 448.0, 256.0, 512.0, 192.0 ],
    "Frame2": [ 512.0, 256.0, 576.0, 192.0 ],
    "Frame3": [ 576.0, 256.0, 640.0, 192.0 ],
    "NumFrames": 4,
    "Repeating": true,
    "SecsPerFrame": 0.20000000298023224
  },
  "LeftShooter": {
    "Frame0": [512.0, 64.0, 576.0, 0.0] ,
    "Frame1" : [576.0, 64.0, 640.0, 0.0] ,
    "Frame2" : [0.0, 128.0, 64.0, 64.0] ,
    "Frame3" : [64.0, 128.0, 128.0, 64.0] ,
    "Frame4" : [128.0, 128.0, 192.0, 64.0] ,
    "Frame5" : [192.0, 128.0, 256.0, 64.0] ,
    "Frame6" : [256.0, 128.0, 320.0, 64.0] ,
    "Frame7" : [320.0, 128.0, 384.0, 64.0] ,
    "NumFrames" : 8,
    "Repeating" : false,
    "SecsPerFrame" : 0.12500000298023224
  },
  "RightDamage": {
    "Frame0": [448.0, 384.0, 512.0, 320.0] ,
    "Frame1": [512.0, 384.0, 576.0, 320.0] ,
    "Frame2": [576.0, 384.0, 640.0, 320.0] ,
    "Frame3": [0.0, 448.0, 64.0, 384.0] ,
    "Frame4": [64.0, 448.0, 128.0, 384.0] ,
    "Frame5": [384.0, 512.0, 448.0, 448.0] ,
    "Frame6": [448.0, 512.0, 512.0, 448.0] ,
    "NumFrames": 7,
    "Repeating": false,
    "SecsPerFrame": 0.20000000298023224
  },
  "RightBlock": {
    "Frame0" : [128.0, 384.0, 192.0, 320.0] ,
    "Frame1" : [192.0, 384.0, 256.0, 320.0] ,
    "Frame2" : [256.0, 384.0, 320.0, 320.0] ,
    "Frame3": [576.0, 448.0, 640.0, 384.0] ,
    "NumFrames": 4,
    "Repeating": false,
    "SecsPerFrame": 0.10000000298023224
  },
  "RightIdle": {
    "Frame0": [ 256.0, 320.0, 320.0, 256.0 ],
    "Frame1": [ 320.0, 320.0, 384.0, 256.0 ],
    "Frame2": [ 384.0, 320.0, 448.0, 256.0 ],
    "Frame3": [ 448.0, 320.0, 512.0, 256.0 ],
    "NumFrames": 4,
    "Repeating": true,
    "SecsPerFrame": 0.20000000298023224
  },
  "RightShooter": {
    "Frame0": [256.0, 192.0, 320.0, 128.0] ,
    "Frame1" : [320.0, 192.0, 384.0, 128.0] ,
    "Frame2" : [384.0, 192.0, 448.0, 128.0] ,
    "Frame3" : [448.0, 192.0, 512.0, 128.0] ,
    "Frame4" : [512.0, 192.0, 576.0, 128.0] ,
    "Frame5" : [576.0, 192.0, 640.0, 128.0] ,
    "Frame6" : [0.0, 256.0, 64.0, 192.0] ,
    "Frame7" : [64.0, 256.0, 128.0, 192.0] ,
    "NumFrames" : 8,
    "Repeating" : false,
    "SecsPerFrame" : 0.12500000298023224
  },
}